Window,N,Mean_CAR(%),Std_Dev(%),t-statistic,p-value,Significant_at_5%
"Early anticipation [-5,-3]",203,-0.3852,3.3820289799051517,-1.6226,0.1062,False
"Late anticipation  [-2,-1]",203,-0.1753,2.110725914737052,-1.1835,0.238,False
"Landfall day       [0,0]",202,-0.1251,2.3271702455757577,-0.7642,0.4457,False
"Acute shock        [0,+2]",203,-1.2581,4.487917911889039,-3.994,0.0001,True
"Immediate aftermath[0,+5]",203,-2.0439,6.022843063747317,-4.8352,0.0,True
"Short recovery     [+6,+10]",202,0.5265,4.4554326230526025,1.6794,0.0946,False
"Mid recovery      [+11,+20]",203,-0.7496,5.520969722452134,-1.9346,0.0544,False
"Late recovery     [+21,+30]",203,0.2566,9.547204255468111,0.3829,0.7022,False
