Test,Mean_CAR,T_Stat,P_Val
"Anticipation (-5,-1)",-0.5604927887540906,-2.1275845095613226,0.03458402246162168
"Market-Adjusted Robustness (-5,+30)",1.2134783327180627,1.2496880931530505,0.21285948979654717
