Test,Mean_CAR,T_Stat,P_Val
"Anticipation (-5,-1)",-1.0141110739251473,-2.954937075387231,0.0033951645347333153
"Market-Adjusted Robustness (-5,+30)",1.047281961223178,1.2683555542038214,0.20573211037198666
