Metric,Pre-Event Mean,Post-Event Mean,T-Statistic,P-Value,Significance_at_5%
Volatility (Mean Spread),10.765526552222902,8.869970400415184,[-11.78768285   1.84167821],[5.49483413e-13 7.59814403e-02],[ True False]
Liquidity (Total Volume),565797.5075085216,366998.9385792096,[-11.78768285   3.76239675],[5.49483413e-13 8.12562983e-04],[ True  True]
