Metric,Pre-Event Mean,Post-Event Mean,T-Statistic,P-Value,Significance_at_5%
Volatility (Mean Spread),11.485485372818268,8.241981577888616,3.5116932609788916,0.0010077010296142984,True
Liquidity (Total Volume),672487.0179455183,344628.166241409,6.459925075666766,6.736890876800277e-08,True
