Metric,Pre-Event Mean,Post-Event Mean,T-Statistic,P-Value,Significance_at_5%
Volatility (Mean Spread),5.933583768360276,5.606199157648533,[-11.78768285   0.69605907],[5.49483413e-13 4.93138596e-01],[ True False]
Liquidity (Total Volume),557358.9880151871,326535.0335767494,[-11.78768285   4.62812547],[5.49483413e-13 6.51066481e-05],[ True  True]
