Metric,Pre-Event Mean,Post-Event Mean,T-Statistic,P-Value,Significance_at_5%
Volatility (Mean Spread),2.1917082672764057,2.7974149702677424,-2.495547114214342,0.02237743506380446,True
Liquidity (Total Volume),685986.6912920881,399172.56097576057,4.676133117390485,5.699105055659513e-05,True
