Metric,Pre-Event Mean,Post-Event Mean,T-Statistic,P-Value,Significance_at_5%
Volatility (Mean Spread),6.373730904064807,5.266282085770644,[-11.78768285   1.66802756],[5.49483413e-13 1.06227468e-01],[ True False]
Liquidity (Total Volume),545823.519137331,321752.2924077252,[-11.78768285   4.94361601],[5.49483413e-13 2.55096180e-05],[ True  True]
